{
    "model_type": "LSTM",
    "optimizer": "Adam",
    "loss_function": "MSELoss",
    "selected_features": [
        "pupil",
        "eda",
        "eeg",
        "hr"
    ],
    "window_size": 60,
    "lr": 0.001,
    "epochs": 30,
    "num_layers": 2,
    "hidden_size": 64,
    "timestamp": "20250715_0232",
    "scaler_X_mean": [
        4.48808733,
        5.0165228775,
        11.936242394999999,
        80.14576853
    ],
    "scaler_X_scale": [
        1.0033452618651126,
        2.0608327214396813,
        3.13588494947489,
        10.705018377985656
    ],
    "scaler_y_mean": [
        5.135
    ],
    "scaler_y_scale": [
        2.857756987569097
    ]
}